{
  "version": "2.0",
  "logging": {
    "applicationInsights": {
      "samplingSettings": {
        "isEnabled": true,
        "excludedTypes": "Request"
      }
    },
    "logLevel": {
      "default": "Information",
      "Host.Results": "Error",
      "Function": "Information",
      "Host.Aggregator": "Trace"
    }
  },
  "functionTimeout": "00:10:00",
  "extensions": {
    "blobs": {
      "maxDegreeOfParallelism": 1
    },
    "http": {
      "routePrefix": "api",
      "maxConcurrentRequests": 100,
      "dynamicThrottlesEnabled": true
    }
  },
  "retry": {
    "strategy": "exponentialBackoff",
    "maxRetryCount": 3,
    "minimumInterval": "00:00:05",
    "maximumInterval": "00:01:00"
  },
  "healthMonitor": {
    "enabled": true,
    "healthCheckInterval": "00:00:10",
    "healthCheckWindow": "00:02:00",
    "healthCheckThreshold": 6,
    "counterThreshold": 0.80
  }
}